"","","","","","","","","","","","","","","","",""
"","","","","","","","","","","","","","","","",""
"","","","","","","","","","","J1","","","NIVEAU 1","","J1",""
"","0331OIFLION","MONTANT","0331OIFLION","MONTANT","0331OIFLION","MONTANT","0331OIFLION","MONTANT","","NIVEAU ","","","","","NIVEAU ",""
"1=4C /12h","0331OIFVACKAPJLION","102,5F","0331OIFVACKBPJLION","102,5F","0331OIFVACKCPJLION","102,5F","0331OIFVACKDPJLION","102,5F","","0331OIFLION","MONTANT","","","","","MONTANT"
"1V=16","0331OIFVACLAPJLION","102,5F","0331OIFVACLBPJLION","102,5F","0331OIFVACLCPJLION","102,5F","0331OIFVACLDPJLION","102,5F","","0331OIFVACKASJLION","  102.50 FCFA ","","","","0331OIFVACKAPJLION","  102.50 FCFA "
"16-12=4","0331OIFVACMAPJLOIN","102,5F","0331OIFVACMBPJLOIN","102,5F","0331OIFVACMCPJLOIN","102,5F","0331OIFVACMDPJLOIN","102,5F","","0333OIFVACKAPNLOINNE","  102.50 FCFA ","","NOMS & PRENOMS","","0331OIFVACLAPJLION","  102.50 FCFA "
"4/4=1","0331OIFVACNAPJLION","102,5F","0331OIFVACNBPJLION","102,5F","0331OIFVACNCPJLION","102,5F","0331OIFVACNDPJLION","102,5F","","0333OIFVACKASNLIONNE","  102.50 FCFA ","","","","0331OIFVACMAPJLION","  102.50 FCFA "
"Code","0331OIFVACKASJLION","102,5F","0331OIFVACKBSJLION","102,5F","0331OIFVACKCSJLION","102,5F","0331OIFVACKDSJLION","102,5F","","0331OIFVACLASJLION","  102.50 FCFA ","","NOM DU SITE","","0331OIFVACNAPJLION","  102.50 FCFA "
"0331OIF","0331OIFVACLASJLION","102,5F","0331OIFVACLBSJLION","102,5F","0331OIFVACLCSJLION","102,5F","0331OIFVACLDSJLION","102,5F","","0333OIFVACLAPNLIONNE","  102.50 FCFA ","","","","TOTAL","  410.00 FCFA "
"0333OIF","0331OIFVACMASJLION","102,5F","0331OIFVACMBSJLION","102,5F","0331OIFVACMCSJLION","102,5F","0331OIFVACMDSJLION","102,5F","","0333OIFVACLASNLIONNE","  102.50 FCFA ","","","","",""
"","0331OIFVACNASJLION","102,5F","0331OIFVACNBSJLION","102,5F","0331OIFVACNCSJLION","102,5F","0331OIFVACNDSJLION","102,5F","","0331OIFVACMASJLION","  102.50 FCFA ","","","","",""
"","0333OIFLIONNE","102,5F","0333OIFLIONNE","102,5F","0333OIFLIONNE","102,5F","0333OIFLIONNE","102,5F","","0333OIFVACMAPNLIONNE","  102.50 FCFA ","","","","",""
"","0333OIFVACKAPNLIONNE","102,5F","0333OIFVACKBPNLIONNE","102,5F","0333OIFVACKCPNLIONNE","102,5F","0333OIFVACKDPNLIONNE","102,5F","","0333OIFVACMASNLIONNE","  102.50 FCFA ","","","","",""
"","0333OIFVACLAPNLIONNE","102,5F","0333OIFVACLBPNLIONNE","102,5F","0333OIFVACLCPNLIONNE","102,5F","0333OIFVACLDPNLIONNE","102,5F","","0331OIFVACNASJLION","  102.50 FCFA ","","","","",""
"","0333OIFVACMAPNLIONNE","102,5F","0333OIFVACMBPNLIONNE","102,5F","0333OIFVACMCPNLIONNE","102,5F","0333OIFVACMDPNLIONNE","102,5F","","0333OIFVACNAPNLIONNE","  102.50 FCFA ","","","","",""
"","0333OIFVACNAPNLIONNE","102,5F","0333OIFVACNBPNLIONNE","102,5F","0333OIFVACNCPNLIONNE","102,5F","0333OIFVACNDPNLIONNE","102,5F","","0333OIFVACNASNLIONNE","  102.50 FCFA ","","","","",""
"","0333OIFVACKASNLIONNE","102,5F","0333OIFVACKBSNLIONNE","102,5F","0333OIFVACKCSNLIONNE","102,5F","0333OIFVACKDSNLIONNE","102,5F","","TOTAL","  1,230.00 FCFA ","","","","",""
"","0333OIFVACLASNLIONNE","102,5F","0333OIFVACLBSNLIONNE","102,5F","0333OIFVACLCSNLIONNE","102,5F","0333OIFVACLDSNLIONNE","102,5F","","","","","","","",""
"","0333OIFVACMASNLIONNE","102,5F","0333OIFVACMBSNLIONNE","102,5F","0333OIFVACMCSNLIONNE","102,5F","0333OIFVACMDSNLIONNE","102,5F","","","","","","","",""
"","0333OIFVACNASNLIONNE","102,5F","0333OIFVACNBSNLIONNE","102,5F","0333OIFVACNCSNLIONNE","102,5F","0333OIFVACNDSNLIONNE","102,5F","","","","","","","",""
